{
	"pages": [ //pages数组中第一项表示应用启动页
		{
			"path": "pages/index/index",
			"style": {
				"app-plus":{
					// 导航栏配置
					"titleNView":{
						// 搜索框配置
						"searchInput":{
							"align":"center",
							"backgroundColor":"#F5F4F2",
							"borderRadius":"4px",
							"disabled":true,
							"placeholder":"搜索帖子",
							"placeholderColor":"#6D6C67"
						},
						"buttons":[
							{
								"color":"#333333",
								"colorPressed":"#FD597C",
								"float":"right",
								"fontSize":"20px",
								"fontSrc":"/static/iconfont.ttf",
								"text":"\ue668"
							}
						]
					}
				}
			}
		}
	    ,{
            "path" : "pages/news/news",
            "style" : {
				"app-plus":{
					"titleNView":false
				}
			}
        }
        ,{
            "path" : "pages/msg/msg",
            "style" : {
				"navigationBarTitleText":"消息列表",
				"enablePullDownRefresh":true,
				"app-plus":{
					"titleNView":{
						"buttons":[{
							"color":"#333333",
							"colorPressed":"#FD597C",
							"float":"left",
							"fontSize":"20px",
							"fontSrc":"/static/iconfont.ttf",
							"text":"\ue611"
						},{
							"color":"#333333",
							"colorPressed":"#FD597C",
							"float":"right",
							"fontSize":"20px",
							"fontSrc":"/static/iconfont.ttf",
							"text":"\ue649"
						}]
					}
				}
			}
        }
        ,{
            "path" : "pages/my/my",
            "style" : {
				"navigationBarTitleText":"我的",
				"app-plus":{
					"titleNView":{
						"buttons":[{
							"type":"menu"
						}]
					}
				}
			}
        }
        ,{
            "path" : "pages/search/search",
            "style" : {
				"enablePullDownRefresh":true,
				"app-plus":{
					// 导航栏配置
					"titleNView":{
						// 搜索框配置
						"searchInput":{
							"align":"center",
							"backgroundColor":"#F5F4F2",
							"borderRadius":"4px",
							"placeholder":"搜索帖子",
							"placeholderColor":"#6D6C67"
						},
						"buttons":[
							{
								"color":"#333333",
								"colorPressed":"#FD597C",
								"float":"right",
								"fontSize":"14px",
								"text":"搜索"
							}
						]
					}
				}
			}
        }
        ,{
            "path" : "pages/add-input/add-input",
            "style" : {
				"app-plus":{
					"titleNView":false
				}
			}
        }
        ,{
            "path" : "pages/topic-nav/topic-nav",
            "style" : {
				"navigationBarTitleText":"话题分类"
			}
        }
        ,{
            "path" : "pages/topic-detail/topic-detail",
            "style" : {
				"app-plus":{
					"titleNView":{
						"type":"transparent",
						"buttons":[{
							"type":"menu"
						}]
					}
				}
			}
        }
        ,{
            "path" : "pages/user-list/user-list",
            "style" : {
				"app-plus":{
					// 动画效果
					"animationType":"slide-in-left",
					// 导航栏配置
					"titleNView":{
						// 取消返回按钮
						"autoBackButton":false,
						// 搜索框配置
						"searchInput":{
							"align":"center",
							"backgroundColor":"#F5F4F2",
							"borderRadius":"4px",
							"disabled":true,
							"placeholder":"搜索用户",
							"placeholderColor":"#6D6C67"
						},
						"buttons":[
							{
								"color":"#333333",
								"colorPressed":"#FD597C",
								"float":"right",
								"fontSize":"15px",
								"text":"取消"
							}
						]
					}
				}
			}
        }
        ,{
            "path" : "pages/user-chat/user-chat",
            "style" : {
				"app-plus":{
					"bounce":"none",
					"titleNView":{
						"buttons":[{
							"color":"#333333",
							"colorPressed":"#FD597C",
							"float":"right",
							"fontSize":"20px",
							"fontSrc":"/static/iconfont.ttf",
							"text":"\ue628"
						}]
					}
				}
			}
        }
        ,{
            "path" : "pages/detail/detail",
            "style" : {
				"app-plus":{
					"titleNView":{
						"buttons":[{
							"type":"menu",
							"float":"right"
						}]
					}
				}
			}
        }
        ,{
            "path" : "pages/user-set/user-set",
            "style" : {
				"navigationBarTitleText":"设置"
			}
        }
        ,{
            "path" : "pages/user-password/user-password",
            "style" : {
				"navigationBarTitleText":"修改密码"
			}
        }
        ,{
            "path" : "pages/user-email/user-email",
            "style" : {
				"navigationBarTitleText":"绑定邮箱"
			}
        }
        ,{
            "path" : "pages/user-userinfo/user-userinfo",
            "style" : {
				"navigationBarTitleText":"修改资料"
			}
        }
        ,{
            "path" : "pages/user-feedback/user-feedback",
            "style" : {
				"navigationBarTitleText":"意见反馈"
			}
        }
        ,{
            "path" : "pages/about/about",
            "style" : {
				"navigationBarTitleText":"关于社区"
			}
        }
        ,{
            "path" : "pages/login/login",
            "style" : {
				"app-plus":{
					"titleNView":false
				}
			}
        }
        ,{
            "path" : "pages/user-space/user-space",
            "style" : {
				"navigationBarTitleText":"个人空间",
				"app-plus":{
					"titleNView":{
						"buttons":[{
							"type":"menu"
						}]
					}
				}
			}
        }
        ,{
            "path" : "pages/user-safe/user-safe",
            "style" : {
				"navigationBarTitleText":"账号与安全"
			}
        }
        ,{
            "path" : "pages/user-phone/user-phone",
            "style" : {
				"navigationBarTitleText":"绑定手机号"
			}
        }
        ,{
            "path" : "pages/history/history",
            "style" : {
				"navigationBarTitleText":"浏览历史",
				"app-plus":{
					"titleNView":{
						"buttons":[{
							"type":"menu"
						}]
					}
				}
			}
        }
    ],
	"globalStyle": {
		"navigationBarTextStyle": "black",
		"navigationBarTitleText": "社区交友",
		"navigationBarBackgroundColor": "#FFFFFF",
		"backgroundColor": "#FFFFFF"
	},
	"tabBar":{
		"color":"#333333",
		"selectedColor":"#FC5C82",
		"backgroundColor":"#FFFFFF",
		"borderStyle":"black",
		"list":[{
			"pagePath":"pages/index/index",
			"text":"首页",
			"iconPath":"static/tabbar/index.png",
			"selectedIconPath":"static/tabbar/indexed.png"
		},{
			"pagePath":"pages/news/news",
			"text":"动态",
			"iconPath":"static/tabbar/news.png",
			"selectedIconPath":"static/tabbar/newsed.png"
		},{
			"pagePath":"pages/msg/msg",
			"text":"消息",
			"iconPath":"static/tabbar/paper.png",
			"selectedIconPath":"static/tabbar/papered.png"
		},{
			"pagePath":"pages/my/my",
			"text":"我的",
			"iconPath":"static/tabbar/home.png",
			"selectedIconPath":"static/tabbar/homeed.png"
		}]
	}
}
